<?xml version="1.0" encoding="UTF-8"?>
<jcr:root xmlns:sling="http://sling.apache.org/jcr/sling/1.0" xmlns:cq="http://www.day.com/jcr/cq/1.0" xmlns:jcr="http://www.jcp.org/jcr/1.0" xmlns:nt="http://www.jcp.org/jcr/nt/1.0" xmlns:rep="internal"
    jcr:mixinTypes="[rep:AccessControllable]"
    jcr:primaryType="cq:Page">
    <wcm jcr:primaryType="nt:unstructured">
        <foundation jcr:primaryType="nt:unstructured">
            <components jcr:primaryType="nt:unstructured">
                <responsivegrid jcr:primaryType="nt:unstructured">
                    <content-default
                        jcr:description="Policy for editable layout containers"
                        jcr:lastModified="{Date}2020-07-22T12:41:23.366+05:30"
                        jcr:lastModifiedBy="admin"
                        jcr:primaryType="nt:unstructured"
                        jcr:title="trainings Default"
                        sling:resourceType="wcm/core/components/policy/policy"
                        components="[group:General,group:trainings,group:trainings Form]"
                        policyResourceType="wcm/foundation/components/responsivegrid">
                        <cq:authoring jcr:primaryType="nt:unstructured">
                            <assetToComponentMapping jcr:primaryType="nt:unstructured">
                                <image
                                    jcr:primaryType="nt:unstructured"
                                    assetGroup="media"
                                    assetMimetype="image/*"
                                    droptarget="image"
                                    resourceType="trainings/components/content/image"
                                    type="Images"/>
                            </assetToComponentMapping>
                        </cq:authoring>
                        <jcr:content
                            jcr:primaryType="nt:unstructured"
                            mergeList="{Boolean}true"/>
                    </content-default>
                </responsivegrid>
            </components>
        </foundation>
    </wcm>
    <trainings jcr:primaryType="nt:unstructured">
        <components jcr:primaryType="nt:unstructured">
            <form jcr:primaryType="nt:unstructured">
                <container jcr:primaryType="nt:unstructured">
                    <form-container
                        jcr:primaryType="nt:unstructured"
                        jcr:title="trainings Form"
                        sling:resourceType="wcm/core/components/policy/policy"
                        components="[/apps/trainings/components/form/button,/apps/trainings/components/form/hidden,/apps/trainings/components/form/options,/apps/trainings/components/form/text]">
                        <jcr:content jcr:primaryType="nt:unstructured"/>
                    </form-container>
                </container>
            </form>
            <structure jcr:primaryType="nt:unstructured">
                <page jcr:primaryType="nt:unstructured">
                    <policy_1595336200773
                        jcr:description="Include css &amp; js  scripts through clientlibs"
                        jcr:lastModified="{Date}2020-07-22T12:25:01.485+05:30"
                        jcr:lastModifiedBy="admin"
                        jcr:primaryType="nt:unstructured"
                        jcr:title="clientlibs"
                        sling:resourceType="wcm/core/components/policy/policy"
                        clientlibs="trainings.base"
                        count="2"
                        text="Hi I am in design dialog">
                        <jcr:content jcr:primaryType="nt:unstructured"/>
                    </policy_1595336200773>
                </page>
            </structure>
            <content jcr:primaryType="nt:unstructured">
                <breadcrumb jcr:primaryType="nt:unstructured"/>
                <helloworld jcr:primaryType="nt:unstructured">
                    <policy_1595401944789
                        jcr:lastModified="{Date}2020-07-22T12:42:56.476+05:30"
                        jcr:lastModifiedBy="admin"
                        jcr:primaryType="nt:unstructured"
                        jcr:title="Design dialog"
                        sling:resourceType="wcm/core/components/policy/policy"
                        count="56"
                        text="Hi I am in design dialog">
                        <jcr:content jcr:primaryType="nt:unstructured"/>
                    </policy_1595401944789>
                </helloworld>
            </content>
        </components>
    </trainings>
</jcr:root>
